{"cameraMode":{"drawMode":0,"name":"Shaded","section":"Shading Mode"},"sceneLighting":true,"audioPlay":false,"sceneViewState":{"m_AlwaysRefresh":false,"showFog":true,"showSkybox":true,"showFlares":true,"showImageEffects":true,"showParticleSystems":true,"showVisualEffectGraphs":true,"m_FxEnabled":true},"in2DMode":false,"pivot":{"x":18.44692611694336,"y":-13.961320877075196,"z":-4.8462748527526859},"rotation":{"x":0.3705182671546936,"y":0.05984790250658989,"z":-0.023931561037898065,"w":0.9265872240066528},"size":10.023218154907227,"orthographic":false}