{"cameraMode":{"drawMode":0,"name":"Shaded","section":"Shading Mode"},"sceneLighting":true,"audioPlay":false,"sceneViewState":{"m_AlwaysRefresh":false,"showFog":true,"showSkybox":true,"showFlares":true,"showImageEffects":true,"showParticleSystems":true,"showVisualEffectGraphs":true,"m_FxEnabled":true},"in2DMode":false,"pivot":{"x":6.034514427185059,"y":-3.4295690059661867,"z":-12.408695220947266},"rotation":{"x":0.036523304879665378,"y":-0.14043788611888886,"z":0.005184227135032415,"w":0.9894035458564758},"size":11.922587394714356,"orthographic":false}