{"cameraMode":{"drawMode":0,"name":"Shaded","section":"Shading Mode"},"sceneLighting":true,"audioPlay":false,"sceneViewState":{"m_AlwaysRefresh":false,"showFog":true,"showSkybox":true,"showFlares":true,"showImageEffects":true,"showParticleSystems":true,"showVisualEffectGraphs":true,"m_FxEnabled":true},"in2DMode":false,"pivot":{"x":-382.3692626953125,"y":393.03106689453127,"z":1327.849853515625},"rotation":{"x":0.1295483410358429,"y":0.13285385072231294,"z":0.017518509179353715,"w":-0.9824791550636292},"size":751.2501831054688,"orthographic":false}