{"cameraMode":{"drawMode":0,"name":"Shaded","section":"Shading Mode"},"sceneLighting":false,"audioPlay":false,"sceneViewState":{"m_AlwaysRefresh":false,"showFog":true,"showSkybox":false,"showFlares":true,"showImageEffects":true,"showParticleSystems":true,"showVisualEffectGraphs":true,"m_FxEnabled":true},"in2DMode":false,"pivot":{"x":333.90667724609377,"y":66.40558624267578,"z":692.1442260742188},"rotation":{"x":0.14366453886032105,"y":-0.042096588760614398,"z":0.006160693243145943,"w":0.9886327981948853},"size":605.7410888671875,"orthographic":false}