{"cameraMode":{"drawMode":0,"name":"Shaded","section":"Shading Mode"},"sceneLighting":true,"audioPlay":false,"sceneViewState":{"m_AlwaysRefresh":false,"showFog":true,"showSkybox":true,"showFlares":true,"showImageEffects":true,"showParticleSystems":true,"showVisualEffectGraphs":true,"m_FxEnabled":true},"in2DMode":false,"pivot":{"x":-581.4912719726563,"y":129.4493865966797,"z":771.5012817382813},"rotation":{"x":0.19904232025146485,"y":-0.01322946697473526,"z":0.0026874046307057144,"w":0.9799026250839233},"size":27.45941162109375,"orthographic":true}