{"cameraMode":{"drawMode":0,"name":"Shaded","section":"Shading Mode"},"sceneLighting":true,"audioPlay":false,"sceneViewState":{"m_AlwaysRefresh":false,"showFog":true,"showSkybox":true,"showFlares":true,"showImageEffects":true,"showParticleSystems":true,"showVisualEffectGraphs":true,"m_FxEnabled":true},"in2DMode":false,"pivot":{"x":-585.19921875,"y":131.63912963867188,"z":761.6884155273438},"rotation":{"x":0.047379251569509509,"y":-0.007491711061447859,"z":0.0003559485776349902,"w":0.9988529682159424},"size":163.08004760742188,"orthographic":true}