{"cameraMode":{"drawMode":0,"name":"Shaded","section":"Shading Mode"},"sceneLighting":false,"audioPlay":false,"sceneViewState":{"m_AlwaysRefresh":false,"showFog":true,"showSkybox":false,"showFlares":true,"showImageEffects":true,"showParticleSystems":true,"showVisualEffectGraphs":true,"m_FxEnabled":true},"in2DMode":false,"pivot":{"x":325.79998779296877,"y":232.8399658203125,"z":-20.084976196289064},"rotation":{"x":0.14340773224830628,"y":0.20997893810272218,"z":-0.031212320551276208,"w":0.9665302038192749},"size":580.4363403320313,"orthographic":false}